titles,community,price,sqfootage
Luxury Upgraded Duplex Podium Villa|Full Marina View,Dubai Marina,"AED 7,200,000","4,227"
Exclusive | Spacious | Private Swimming Pool,"District 9, Legacy Nova Villas","AED 2,599,000","3,524"
2 Mints walk to Pool and Park | Keys in hand |,"Casa Dora, Serena","AED 1,250,000","1,819"
Enchanting Community I Semi-Detached I Great Layout,Mudon,"AED 1,900,000","2,350"
Motivated Seller I Golf Course Community,"Expo Golf Villas, Emaar South","AED 925,000","1,855"
3 AND 4 BEDROOMS TOWNHOUSE SINGLE ROW FOR SALE,"Arabella Townhouses 2, Arabella Townhouses","AED 1,500,000","2,390"
TYPE 2M | 3BR | MAIDS | STUDY | AL REEM 2 BEAUTY,"Al Reem 2, Arabian Ranches","AED 1,800,000","2,470"
Maple Type 2 M 3 BR - Maid - Single Row - Garden.,"Maple 2, Maple at Dubai Hills Estate","AED 1,850,000","2,228"
3BR Spacious Villa | Maid  | Garden | Springs 3,"The Springs 3, The Springs","AED 1,800,000","2,302"
TYPE C  3 BED - MAIDS - NEAR POOL  - BRAND NEW,"Bella Casa, Serena","AED 1,250,000","1,882"
Breathtaking 3-5Br Sea Facing Villas At Sur La Mer,Jumeirah,"AED 4,600,000","3,705"
"Spacious 3,4BR-Townhouse in Lush Green Community l Emaar","The Valley, Dubai Land","AED 1,168,888","1,996"
3 to 4BR Townhouses in lush green community by Majid Al Futtaim.,"Tilal Al Ghaf, Dubai Land","AED 1,200,000","2,152"
New Phase-Villanova-La Rosa 3 to 4Br Townhouse,"La Rosa, Villanova","AED 1,278,000","1,947"
FASCINATING 3BR W/CURTAINS | KITCHEN EQUIPPED | LANDSCAPE ARTIFICIAL GRASS | PENDANT LAMPS,Dubai Land,"AED 1,650,000","2,723"
READY TO MOVE IN LUXURIOUS 3 BEDROOMS VILLA IN DAMAC HILLS,DAMAC Hills (Akoya by DAMAC),"AED 1,662,000","2,750"
Magnificent ready to move in VILLA for sale in AKOYA OXYGEN,"The Woods, Akoya Oxygen","AED 1,100,000","2,400"
"Villa 3M IN  GOOD CONDITION , VACANT","The Springs 12, The Springs","AED 1,800,000","2,010"
3 Bedroom Plus Maids Plus Study For Sale In Springs,"The Springs 14, The Springs","AED 2,308,888","2,750"
Close To Pool  Park | 3 Bedroom | Corner Unit | Type B,"Arabella Townhouses 2, Arabella Townhouses","AED 1,500,000","2,680"
Freehold Villa in Jumeirah 1 | Lamer Beach Access | NO DLD,Jumeirah,"AED 3,900,000","3,800"
3 BR Townhouse ! 5 Years payment Plan ! The Valley,"Eden, The Valley","AED 1,210,000","2,039"
GREAT ROI I MULTI OPTION WARSAN VILLA FOR SALE,"Warsan Village, Al Warsan","AED 1,390,000","2,013"
Spacious Fendi Styled 3BR Villa In Damac Hills,DAMAC Hills (Akoya by DAMAC),"AED 2,667,000","2,696"
Classic Style 3BR Villa with separate Maids room,"Mira Oasis 3, Mira Oasis","AED 1,345,000","2,421"
Great Deal for End user and Investor | 3 Bed+Maids | Serena,"Casa Dora, Serena","AED 1,250,000","2,016"
A COLLECTION OF OUR ELEGANT HOMES THE LUXURY VILLA DESIGNED BY FENDI,"Fendi Styled Villas, DAMAC Hills (Akoya by DAMAC)","AED 2,499,999","2,696"
today distress deal 3 bedrooms villa for sale in Arabian ranches casa villa type 2 rented with maid,"CASA at Arabian Ranches, Arabian Ranches 2","AED 3,100,000","4,360"
"Excellent Deal  3Bed, Price Negotiable, Call Now","Camelia, Arabian Ranches 2","AED 1,488,888","1,506"
Single Row Brand New 3bhk Great Deal Multiple unit,"Noor Townhouses, NSHAMA Town Square","AED 1,200,000","2,022"
Luxury Upgraded Duplex Podium Villa|Full Marina View,Dubai Marina,"AED 7,200,000","4,227"
Exclusive | Spacious | Private Swimming Pool,"District 9, Legacy Nova Villas","AED 2,599,000","3,524"
Motivated Seller I Golf Course Community,"Expo Golf Villas, Emaar South","AED 925,000","1,855"
Enchanting Community I Semi-Detached I Great Layout,Mudon,"AED 1,900,000","2,350"
2 Mints walk to Pool and Park | Keys in hand |,"Casa Dora, Serena","AED 1,250,000","1,819"
"Brand New Community, Spacious 3 bed and Maid Room","Maple 2, Maple at Dubai Hills Estate","AED 1,800,000","2,093"
"Handed over in 3 months, 3 bedroom with naids","Amaranta, Villanova","AED 1,329,000","1,987"
Single row | Middle unit | Near To Pool,"Arabella Townhouses 2, Arabella Townhouses","AED 1,575,000","2,000"
BEAUTIFUL GARDEN | FURNISHED |  OFFERS INVITED,"Zahra Townhouses, NSHAMA Town Square","AED 1,400,000","2,022"
3Bedroom | Middle Unit | Amaranta | Priced@ 1.2M,"Amaranta, Villanova","AED 1,200,000","1,530"
Exclusive Villa | Camel Track View | Single row,"Maple 2, Maple at Dubai Hills Estate","AED 1,820,000","2,228"
Wise Buy | 3 Bed+Maids | Exclusive | Serena,"Casa Dora, Serena","AED 1,250,000","2,016"
"3 Bed plus Maid, Single Row, Park View.","Mira Oasis 3, Mira Oasis","AED 1,275,000","2,236"
"3 Bed Plus Study, Brand New, Backing on Pool.","Mira Oasis 3, Mira Oasis","AED 1,450,000","2,565"
"3 Bed Plus Study, Brand New, Near Pool.","Mira Oasis 3, Mira Oasis","AED 1,300,000","2,372"
"3 Bed Plus Maid, Brand New, Facing Pool.","Mira Oasis 3, Mira Oasis","AED 1,300,000","2,295"
Golf Community / Ready to move  / Below OP,"Emaar South, Dubai South","AED 1,100,000","2,460"
3 Bed + Maid | Good Location |The Dreamz,"Al Furjan Villas, Al Furjan","AED 2,300,000","2,662"
Type 3E | Near to Park  Pool|Store Room,"Mira 2, Mira","AED 1,650,000","2,687"
Unfurnished|With Maids|Study| Vacating Nov2020,"JVC District 10, JVC Jumeirah Village Circle","AED 1,800,000","4,700"
Corner Villa|Semi Detached |Ideal Location,Falcon City of Wonders,"AED 1,850,000","3,131"
"3 Bedroom plus Maids, Well Located, Near to Handover.",The Villa,"AED 1,275,000","1,915"
Quortaj style| 3 bed + maid | Upgraded kitchen,"Al Furjan Villas, Al Furjan","AED 2,300,000","2,411"
"3 Bed Type B Villa Dubai Style, Al Furjan","Al Furjan Villas, Al Furjan","AED 1,800,000","2,411"
Beach Villa | Private Pool | Fully furnished,The Palm Jumeirah,"AED 19,000,000","7,806"
Type 3M | Landscaped Garden |Net ROI 7%|Mira,"Mira, Reem","AED 1,390,000","2,180"
Mirabella 8|Tenanted|Middle Unit For Sale,"Mirabella 8, Mirabella","AED 1,275,000","3,300"
3 bed + Maids I Heritage Large I Garden,Jumeirah Park,"AED 3,300,000","3,527"
*URGENT SALE* 3 BR villa in Falcon City | Corner Unit,Falcon City of Wonders,"AED 2,800,000","4,600"
Upgraded | Type 3S2 | Vacant | Lantana 01,"Villa Lantana 1, Dubai Science Park","AED 2,799,000","3,200"
Enchanting Community I Semi-Detached I Great Layout,Mudon,"AED 1,900,000","2,350"
2 Mints walk to Pool and Park | Keys in hand |,"Casa Dora, Serena","AED 1,250,000","1,819"
Motivated Seller I Golf Course Community,"Expo Golf Villas, Emaar South","AED 925,000","1,855"
Exclusive | Spacious | Private Swimming Pool,"District 9, Legacy Nova Villas","AED 2,599,000","3,524"
Luxury Upgraded Duplex Podium Villa|Full Marina View,Dubai Marina,"AED 7,200,000","4,227"
Lovely 3 Beds Detached Available at Lantana,"Villa Lantana 1, Dubai Science Park","AED 3,200,000","3,042"
Well-priced 3 Bed Serena - Casa Dora End Unit,"Bella Casa, Serena","AED 1,983,000","4,110"
Great price| Semi Detach|Type B|Walk to pool,DAMAC Hills (Akoya by DAMAC),"AED 1,950,000","3,064"
Exclusive| Opposite Park | Corner Plot | 2E | VOT,"The Springs 11, The Springs","AED 2,100,000","2,795"
Corner Unit| Private Pool | Close To Lake,"Al Reem 2, Arabian Ranches","AED 2,500,000","2,764"
Huge Plot | Quiet Location |3 BR + Study + Maids,"Palmera, Arabian Ranches","AED 2,650,000","2,936"
Ready |Bargain|New price for sale |Golf| Ensuited,"Pacifica, Akoya Oxygen","AED 1,090,000","1,881"
Single row |Corner I EndI New|Close to Park n Pool,"Casa Dora, Serena","AED 1,500,000","1,820"
Vacant | Unfurnished | Brand New | Type1 Mid Unit,"Noor Townhouses, NSHAMA Town Square","AED 1,290,000","2,022"
Vacant | Brand New | Semi Detached | Single Row,"Arabella Townhouses 2, Arabella Townhouses","AED 1,940,000","2,400"
3 Bedroom | Private Garden | 70/30 Payment Plan,Arabian Ranches 3,"AED 1,476,888","2,023"
One of the few stand alone villas | 40/60 P.P.,"La Rosa, Villanova","AED 2,300,000","2,204"
Emaar Expo Golf Villas | 1% Monthly| 3 Years PH,"Expo Golf Villas, Emaar South","AED 999,000","1,985"
Rent to own| Brand New | Luxury Villa,Motor City,"AED 3,200,000","3,334"
Luxury 3BR | Sidra 2 | Type E1 | Single Row,"Sidra Villas 1, Sidra Villas","AED 3,500,000","3,102"
"3 Bedroom plus Maids, Landscaped, Close to Pool.","Mira 2, Mira","AED 1,500,000","2,385"
Mira Oasis By Emaar | 2 Years PH | 4% DLD Off,"Mira 1, Mira","AED 1,901,888","2,372"
Last 2 days I No DLD fees I Pay 10% and Move in,"Urbana, Emaar South","AED 1,411,888","2,404"
3 BR villa For sale in Falcon City | Corner Unit,Falcon City of Wonders,"AED 2,800,000","4,600"
Emaar Spring |FREE SC 2 Years PH |10% ROI,Dubai Land,"AED 1,280,888","1,943"
Ready - 80% Post Handover - No Commission,"Mira Oasis 2, Mira Oasis","AED 1,691,888","2,373"
Motivated seller| 3 bed type 2| Close to Pool n Park,"Noor Townhouses, NSHAMA Town Square","AED 1,295,000","2,118"
3BR | Upgraded | Wide | Type E | Unfurnished,"The Springs 10, The Springs","AED 1,750,000","1,793"
XL Large Plot | Single Row | Opposite Pool  Park,Mudon,"AED 1,835,000","3,746"
"Mid Unit, 3 Bedroom, Near Entrance, Best Deal","Casa Dora, Serena","AED 1,320,000","2,030"
Motivated Seller I Golf Course Community,"Expo Golf Villas, Emaar South","AED 925,000","1,855"
Exclusive | Spacious | Private Swimming Pool,"District 9, Legacy Nova Villas","AED 2,599,000","3,524"
Enchanting Community I Semi-Detached I Great Layout,Mudon,"AED 1,900,000","2,350"
Luxury Upgraded Duplex Podium Villa|Full Marina View,Dubai Marina,"AED 7,200,000","4,227"
2 Mints walk to Pool and Park | Keys in hand |,"Casa Dora, Serena","AED 1,250,000","1,819"
Arabella !! 3 Beds + Maids !! Available for Sale !,"Arabella Townhouses 2, Arabella Townhouses","AED 1,525,000","2,071"
Resale| Grab This Opportunity Now | 3 BR Townhouse,"La Rosa, Villanova","AED 1,175,000","1,894"
Amazing Price | Stunning 3BR Modern Style Villa,"Cedre Villas, Dubai Silicon Oasis","AED 2,400,000","3,750"
EXCELLENT AND BRIGHT|3 BR Modern | Close to School,Dubai Silicon Oasis,"AED 2,500,000","3,750"
3BR+Maid Modern Style | Well Maintained | Freehold,"Cedre Villas, Dubai Silicon Oasis","AED 2,350,000","4,300"
Luxury Rahat Mudon single row villa with huge plot,"Rahat Villas, Mudon","AED 3,200,000","7,700"
Exclusive | Single Row | Opposite Park | Vacant,Arabian Ranches,"AED 3,200,000","3,216"
Pristine|W/ Maids room | Landscaped|Close to pool,"Deema 3, The Lakes","AED 3,500,000","3,392"
Brand New | Vacant | Corner Unit Townhouse,"Royal Golf Boutique Villas, Jumeirah Golf Estates","AED 1,700,000","1,930"
LARGE LANDSCAPED GARDEN | TENANTED | TYPE 2,"CASA at Arabian Ranches, Arabian Ranches 2","AED 2,620,000","3,143"
Available Now|Close to exit  | Type 2M | 3 Bed plus Maids,"Maple 2, Maple at Dubai Hills Estate","AED 1,875,000","2,228"
Exclusive/Unbeatable deal/3 bed saheel,"Saheel, Arabian Ranches","AED 2,499,999","3,216"
Type J - Vacant - Single Row,"Mira Oasis 2, Mira Oasis","AED 1,460,000","2,565"
Upgraded 3 Br Legacy Large Single Row District 6,"District 4, Jumeirah Park","AED 3,095,000","3,527"
New Listing Beautifully Landscaped 3 BR District 5,"District 4, Jumeirah Park","AED 2,750,000","3,063"
3 BR + Maids Regional Large Near Park District 7,"District 6, Jumeirah Park","AED 2,750,000","3,527"
Stunning 7440 sqft Plot 3Bedroom Legacy District 7,"District 6, Jumeirah Park","AED 2,985,000","3,527"
Upgraded 3 BR Regional Large Near Community Center,"District 6, Jumeirah Park","AED 2,750,000","3,527"
Price Reduced Legacy Large 3 Bedroom District 7,"District 6, Jumeirah Park","AED 2,650,000","3,527"
New  Exclusive|Stunning Saheel Upgraded Throughout,"Saheel, Arabian Ranches","AED 2,999,000","3,166"
New and Exclusive  Immaculately presented 3 bedroomed villa,"Lila, Arabian Ranches 2","AED 2,399,000","3,164"
Open house this Saturday! Viewing by appointment (2pm - 5pm),Arabian Ranches,"AED 3,399,000","3,216"
Corner plot| Type H | Opp. park and pool |,"Mira Oasis 3, Mira Oasis","AED 1,500,000","2,287"
"New l Lovely 3 bed Saheel villa, quiet location l full Park Vistas","Saheel, Arabian Ranches","AED 2,999,950","3,324"
Exclusive Modified Saheel / Great location.,"Saheel, Arabian Ranches","AED 2,699,999","3,166"
2 Mints walk to Pool and Park | Keys in hand |,"Casa Dora, Serena","AED 1,250,000","1,819"
Motivated Seller I Golf Course Community,"Expo Golf Villas, Emaar South","AED 925,000","1,855"
Exclusive | Spacious | Private Swimming Pool,"District 9, Legacy Nova Villas","AED 2,599,000","3,524"
Enchanting Community I Semi-Detached I Great Layout,Mudon,"AED 1,900,000","2,350"
Luxury Upgraded Duplex Podium Villa|Full Marina View,Dubai Marina,"AED 7,200,000","4,227"
Open House this Saturday! 11th July 2020 | 2pm - 3pm,"Saheel, Arabian Ranches","AED 2,799,999","3,495"
3 bed stand alone villa with large garden in Mudon,"Rahat Villas, Mudon","AED 2,799,999","5,863"
Amaranta | Single Row | Opposite Pool  Park,"Amaranta, Villanova","AED 1,200,000","1,735"
Tastefully Upgraded| Private pool | Al Reem,"Al Reem 2, Arabian Ranches","AED 2,450,000","2,788"
Exclusive/Full lake view/Reem 3 type 2 end,"Al Reem 3, Arabian Ranches","AED 2,399,999","2,788"
Saheel type 9| Park view| Vacant soon||,"Saheel, Arabian Ranches","AED 2,900,000","3,216"
"3 Bedroom Plus Study, Corner Plot, Single Row.","Mira Oasis 3, Mira Oasis","AED 1,450,000","2,539"
Motivated Seller| 3 Bedroom Type 1 | New Villa,"Noor Townhouses, NSHAMA Town Square","AED 1,250,000","2,190"
Single Row | Next to Community Center | End Unit,"Bella Casa, Serena","AED 1,794,000","1,936"
"EXCLUSIVE with PK! Type A, 3 Bed + Maids, Call Now","Mira Oasis 1, Mira Oasis","AED 1,230,000","2,295"
3BR with MR |Type THL |Brand new |vacant,DAMAC Hills (Akoya by DAMAC),"AED 1,900,000","3,800"
Almost Ready | 5-Year Service Charge Waived,"La Rosa, Villanova","AED 1,200,000","1,894"
Type 2 Single Row 3BR Townhouse | Laundry + Maids Room,"Safi, NSHAMA Town Square","AED 1,200,000","2,088"
3 Years FREE SC | Pay Only 25%  Move-In | 10% ROI,"Ruba, Arabian Ranches 3","AED 1,290,888","2,023"
"3BR+Maids Townhouse for sale in Dubailand, The Valley for AED 1.1M","The Valley, Dubai Land","AED 1,100,000","2,081"
Quality finishing | 3 bed+Maids | Exclusive | Serena,"Casa Dora, Serena","AED 1,250,000","2,016"
Close to the Entrance | Maple 1 I Near to Park  Pool,"Maple 1, Maple at Dubai Hills Estate","AED 1,725,000","2,228"
On Payment Plan | Type B | 3 Bed | Al Furjan,"Al Furjan Villas, Al Furjan","AED 2,250,000","2,409"
Motivated Seller | Type 1E | Springs 5,"The Springs 5, The Springs","AED 2,500,000","3,043"
On Payment Plan | 3 Bed | Al Furjan,"Al Furjan Villas, Al Furjan","AED 2,300,000","2,410"
"Freehold Sea side Townhouses for Sale, No Commission charges, Payment plan available .","Jumeirah 1, Jumeirah","AED 4,600,000","3,800"
Biggest size|Luxury w/lowest price in Just Cavalli,"Just Cavalli Villas, Akoya Oxygen","AED 900,000","1,200"
"Zinnia cluster ,green belt golf course - Brand New","Zinnia, The Roots Akoya Oxygen","AED 1,500,000","2,462"
On Payment Plan | 3 Bed | plus Maids | Al Furjan,"Al Furjan Villas, Al Furjan","AED 2,300,000","2,411"
Unfurnished 3 BR Townhouse for sale in Damac Hills-Flora for 2.3M,"The Flora, DAMAC Hills (Akoya by DAMAC)","AED 2,300,000","3,502"
Luxury Upgraded Duplex Podium Villa|Full Marina View,Dubai Marina,"AED 7,200,000","4,227"
Exclusive | Spacious | Private Swimming Pool,"District 9, Legacy Nova Villas","AED 2,599,000","3,524"
Enchanting Community I Semi-Detached I Great Layout,Mudon,"AED 1,900,000","2,350"
Motivated Seller I Golf Course Community,"Expo Golf Villas, Emaar South","AED 925,000","1,855"
2 Mints walk to Pool and Park | Keys in hand |,"Casa Dora, Serena","AED 1,250,000","1,819"
"Design you own villa|from 1,500,000 AED",DAMAC Hills (Akoya by DAMAC),"AED 1,500,000","1,592"
Off Plan | 3 BR Townhouse | The Valley,"The Valley, Dubai Land","AED 1,238,888","1,988"
Beautiful Park Facing End Unit in Alma 1,Arabian Ranches,"AED 2,650,000","3,153"
Off Plan Townhouse in a Charming Community,"Amaranta, Villanova","AED 1,300,000","1,894"
Must See | Upgraded Kitchen | 3 Bed Townhouse,"Uptown Mirdif, Mirdif","AED 2,100,000","2,400"
Best Price | Akoya Oxygen | 3 bed |Sale,"Aknan Villas, Vardon","AED 1,000,000","1,604"
Awesome Deal | 3bed +Maid | Brand New | Claret,Akoya Oxygen,"AED 850,000","1,882"
Brand New | 3 Bed+ Maid | Great Location,"Bella Casa, Serena","AED 1,199,999","1,820"
3BR+Maids|Spacious Unit|Green Belt|Type 1,"Noor Townhouses, NSHAMA Town Square","AED 1,150,000","2,036"
Spacious Townhouse | 3 Bhk+Maid | Must See,"Uptown Mirdif, Mirdif","AED 2,100,000","2,423"
5 yrs No Service Charge | 2 Yrs Post Handover PP,Arabian Ranches 3,"AED 1,150,000","1,941"
Type 9 | Park Backing | Quiet Location | Vacant,Arabian Ranches,"AED 2,900,000","3,216"
Type 1M| Landscaped | Close to Pool| VOT,"Mira 1, Mira","AED 1,900,000","2,615"
Beautifully Designed |End Unit | Close to Metro,"Al Furjan Villas, Al Furjan","AED 2,175,000","3,242"
Corner Unit | Rented | Upgraded | Well Priced,"Family Villas, Green Community West","AED 2,100,000","4,889"
Single row | New handover | Close to Park and Pool,"Casa Viva, Serena","AED 1,500,000","1,820"
Close to SOUK and on the Pool and Park.,"The Springs 7, The Springs","AED 2,400,000","2,740"
Soon To Be Vacant | Close To Pool | Top Location,"Family Villas, Green Community West","AED 2,450,000","4,033"
Great Location| Corner End Unit|Type B|Motivated seller,DAMAC Hills (Akoya by DAMAC),"AED 1,699,999","2,071"
Fully Upgraded | Lake View | One of a Kind,"Palmera 3, Palmera","AED 3,099,995","3,100"
Own this Pristine End Unit in Canal Cove,The Palm Jumeirah,"AED 3,999,000","3,800"
Great Location | Single Row | Next to Pool,"Mira Oasis 3, Mira Oasis","AED 1,265,000","2,236"
3 Bedroom |Post Handover |DH Golf Community |,"Dubai Hills Grove, Dubai Hills Estate","AED 3,047,888","1,000"
Exclusive | Single Row 3 BR | Landscaped,"District 6, Jumeirah Park","AED 3,000,000","3,527"
End Unit I Maids Room | Brand New | Off Plan I Maids,"Casa Viva, Serena","AED 1,600,000","1,936"
Luxury Upgraded Duplex Podium Villa|Full Marina View,Dubai Marina,"AED 7,200,000","4,227"
2 Mints walk to Pool and Park | Keys in hand |,"Casa Dora, Serena","AED 1,250,000","1,819"
Exclusive | Spacious | Private Swimming Pool,"District 9, Legacy Nova Villas","AED 2,599,000","3,524"
Motivated Seller I Golf Course Community,"Expo Golf Villas, Emaar South","AED 925,000","1,855"
Enchanting Community I Semi-Detached I Great Layout,Mudon,"AED 1,900,000","2,350"
Exclusive! District 5 | 3 Bedroom | Plot 7400,"District 6, Jumeirah Park","AED 2,550,000","3,063"
Best Deal | 3 Bedroom Large | Large Plot,"District 6, Jumeirah Park","AED 2,750,000","3,527"
Legacy Large 3bed | Dist.7|Jumeirah Park,Jumeirah Park,"AED 3,900,000","3,527"
Best Deal | Huge 3 Bed+ Maid | Prime Location,"Lotus Park, JVC District 15","AED 1,300,000","1,387"
"Best Deal | 3 Bedroom Small  | 5,900 Plot","District 6, Jumeirah Park","AED 2,399,900","3,063"
Type 5 | Back to Back | Well Maintained | VOT,"The Meadows 1, The Meadows","AED 3,300,000","3,447"
Exclusive | Single Row | 3 Bed + Maid | Type A1,"Alvorada, Arabian Ranches","AED 3,300,000","3,765"
Ready i 2020 |2478 BUA|Single row |OP 1.6M |luxury,"Pacifica, Akoya Oxygen","AED 1,175,000","2,478"
Corner Unit. | Rented. | Close To Entrance.,"Family Villas, Green Community West","AED 2,400,000","4,014"
Type C I Brand New I 3BR plus Maids in Casa Dora Serena,"Bella Casa, Serena","AED 1,250,000","2,032"
Large 3 BR + maid TH in Whitefield |,"Brookfield 3, Brookfield","AED 2,350,000","3,551"
Middle Unit|Type 2|Close to Pool  Park,"Noor Townhouses, NSHAMA Town Square","AED 1,300,000","2,072"
3Bed Single Row | Huge Plot | Negotiable | 85% Finance,"Sidra Villas 2, Sidra Villas","AED 2,700,000","3,102"
3 Bed in Arabella | With Payment Plan | Negotiable,"Arabella Townhouses 1, Arabella Townhouses","AED 1,700,000","2,700"
On the Park | Payment Plan | Under Offer,"Arabella Townhouses 1, Arabella Townhouses","AED 1,400,000","2,350"
3 Bed + Maid | Negotiable | Exclusive Listing,"Arabella Townhouses 3, Arabella Townhouses","AED 1,450,000","1,980"
End Unit |  Genuine Listing | 3 Bed + Maid | Call Now,"Arabella Townhouses 1, Arabella Townhouses","AED 1,570,000","1,980"
Casa Dora | Type C | 3 Bed + Maids Room,"Bella Casa, Serena","AED 1,200,000","2,151"
Corner Plot | Single Row | 85% Finance Available,"Arabella Townhouses 1, Arabella Townhouses","AED 1,550,000","2,350"
3 Bed | Independent Villa | Payment Plan Available,"Sidra Villas 1, Sidra Villas","AED 2,600,000","3,102"
3 Beds plus Maids | Negotiable | Exclusive Listing,"Arabella Townhouses 3, Arabella Townhouses","AED 1,400,000","1,991"
3 Beds plus Maids | Multiple Option | Casa Dora Serena,"Bella Casa, Serena","AED 1,350,000","2,143"
3 Bed Semi Detached Type B | Multiple Options Available,"Arabella Townhouses 1, Arabella Townhouses","AED 1,750,000","2,700"
Single Row | Huge Plot | Negotiable | 85% Finance,"Sidra Villas 1, Sidra Villas","AED 2,650,000","3,106"
Multiple Options | Single Row | Up to 86% Finance,"Arabella Townhouses 1, Arabella Townhouses","AED 1,400,000","2,350"
2 Mints walk to Pool and Park | Keys in hand |,"Casa Dora, Serena","AED 1,250,000","1,819"
Luxury Upgraded Duplex Podium Villa|Full Marina View,Dubai Marina,"AED 7,200,000","4,227"
Enchanting Community I Semi-Detached I Great Layout,Mudon,"AED 1,900,000","2,350"
Exclusive | Spacious | Private Swimming Pool,"District 9, Legacy Nova Villas","AED 2,599,000","3,524"
Motivated Seller I Golf Course Community,"Expo Golf Villas, Emaar South","AED 925,000","1,855"
Corner Plot | Type B | Payment Plan | Multiple Options,"Arabella Townhouses 1, Arabella Townhouses","AED 1,450,000","2,360"
Call Now | 3 Bed + Maid | Middle Unit | Genuine Listing,"Arabella Townhouses 1, Arabella Townhouses","AED 1,400,000","1,991"
3 Bedroom Middle Unit Single Row,"Arabella Townhouses 2, Arabella Townhouses","AED 1,450,000","2,980"
3 Bedroom | Spacious Layout | Brand New,"Arabella Townhouses 2, Arabella Townhouses","AED 1,475,000","2,980"
3 Bedroom Middle Unit Single Row,"Arabella Townhouses 2, Arabella Townhouses","AED 1,450,000","2,980"
Lowest Price Brand New 3BR plus Maid Villa,"Bella Casa, Serena","AED 1,200,000","1,850"
Type C l Casa Dora l 3bed plus Maid,Arabian Ranches,"AED 1,225,000","1,936"
Type 3E  3-Bedroom+ Study  Back to Back  Large Plot Spring 11,"The Springs 11, The Springs","AED 1,775,000","4,100"
Newly Handover | 3 bed+Maids | Exclusive | Serena,"Casa Dora, Serena","AED 1,250,000","2,016"
Bright and Spacious Townhouse | NO AGENTS | DH,"Maple 3, Maple at Dubai Hills Estate","AED 1,799,999","2,228"
Type C | Close to pool and park | Phase 3,Reem,"AED 1,300,000","2,368"
Noor 3BR + Maids | Type 2 | Great Community,"Noor Townhouses, NSHAMA Town Square","AED 1,170,000","2,164"
Genuine Deal | Minimum Premium | B2B,"Wasl Gate, Jebel Ali Village","AED 1,900,000","2,689"
Genuine Deal | Back to Back | Prime Location,Dubai Hills Estate,"AED 2,750,000","3,102"
Amazing Views | 3 bedroom | With Terrace,Dubai Marina,"AED 5,500,000","4,663"
Genuine Deal |Ready Brand New| Single Row,Mudon,"AED 1,295,000","1,545"
Corner Plot | Brand New | Plenty Natural Light |DL,DAMAC Hills (Akoya by DAMAC),"AED 1,800,000","2,043"
Real Listing |3 Bed Single Row | Ready | DH,"Sidra Villas 1, Sidra Villas","AED 2,900,000","3,102"
Genuine| Facing Pool And Park | 3 Bed | DH,Dubai Hills Estate,"AED 2,799,000","2,935"
Superb largest Palmera type B single Row,"Palmera 3, Palmera","AED 1,900,000","2,219"
Spacious Best Price Single Row Brand New,"Reem Community, Arabian Ranches 2","AED 1,650,000","1,948"
3 Bedrooms Type 2M Villa Back to back M4,Reem,"AED 1,450,000","2,616"
3 Bedroom Type 3M Villa near Pool  park,Reem,"AED 1,250,000","2,170"
On Pool  Park | 3 bed Semi-Detached | Bella Casa,Serena,"AED 1,750,000","2,272"
Sur LaMer Townhouse | Direct BeachAccess,Port de La Mer,"AED 4,309,000","3,705"
2 Mints walk to Pool and Park | Keys in hand |,"Casa Dora, Serena","AED 1,250,000","1,819"
Motivated Seller I Golf Course Community,"Expo Golf Villas, Emaar South","AED 925,000","1,855"
Enchanting Community I Semi-Detached I Great Layout,Mudon,"AED 1,900,000","2,350"
Exclusive | Spacious | Private Swimming Pool,"District 9, Legacy Nova Villas","AED 2,599,000","3,524"
Luxury Upgraded Duplex Podium Villa|Full Marina View,Dubai Marina,"AED 7,200,000","4,227"
Sur La Mer|Luxury Townhouses in Jumeirah,Jumeirah,"AED 4,427,000","3,705"
Single Row | 3 Bed + Maid | Brand New,"Wasl Gate, Jebel Ali Village","AED 1,850,000","2,689"
3BR | Near Pool  Park | Motivated Seller,"Noor Townhouses, NSHAMA Town Square","AED 1,250,000","2,022"
3BHK + Maids | Motivated Seller | B2B,"Casa Dora, Serena","AED 1,150,000","1,820"
Pay only 10% to book Sur LaMer Townhouse,"Jumeirah 2, Jumeirah","AED 4,309,000","3,705"
50% DLD Off | Joy Townhouses Emaar |0% Commission,Arabian Ranches 3,"AED 1,550,000","2,643"
Largest Plot! Unique Corner Unit with 5 Yrs Payment Plan,"Cherrywoods, Dubai Land","AED 1,743,000","2,367"
Luxury Upgraded Duplex Podium Villa|Full Marina View,Dubai Marina,"AED 7,200,000","4,227"
3BR+Maids TH | Extended  Upgraded | Close Kitchen | JVC,"JVC District 11, JVC Jumeirah Village Circle","AED 1,700,000","4,000"
5-Years PH  | Arabian Ranches 3 | 5-Years SC,Arabian Ranches 3,"AED 1,400,000","1,950"
"3 BR VILLA FOR SALE IN NOOR TOWNHOUSES, BY NSHAMA","Noor Townhouses, NSHAMA Town Square","AED 1,150,000","2,134"
"3 BHK, Mira Oasis, Reem 2, Type A @ 1,707888, Handover July 2020","Mira Oasis 3, Mira Oasis","AED 1,707,888","2,846"
"+The Turf Akoya-3BR+M, THL, Huge Plot","The Turf, DAMAC Hills (Akoya by DAMAC)","AED 2,050,000","3,517"
Rented | Legacy Large I Motivated Seller |  Jumeirah Park,Jumeirah Park,"AED 3,000,000","3,527"
Single Row | Type 2E | Plus Maid  Study,Dubai Land,"AED 2,150,000","2,524"
3 Bed + Study + Maid - Type C - Middle Unit,"Mira Oasis 1, Mira Oasis","AED 1,450,000","2,372"
Great Deal! 3 Bedroom + Maids Room in Noor Townhouse,"Noor Townhouses, NSHAMA Town Square","AED 1,250,000","2,143"
Ready Propety | 3 Bed+Maids | Exclusive | Serena,"Casa Dora, Serena","AED 1,250,000","2,016"
Type E1 | Brand new 3 Bed+Maid | Multiple units,Dubai Hills Estate,"AED 2,650,000","4,590"
Type J | On the Pool  Park |  Single Row,Reem,"AED 1,450,000","2,565"
Type J | End Unit | Close to Park | Semi detached,Reem,"AED 1,500,000","2,565"
Vacant on Transfer | Single Row | Mira 5,"Mira 5, Mira","AED 1,850,000","2,524"
Single Row | Type 2E | Mira 5 | VOT,"Mira 5, Mira","AED 1,900,000","2,524"
Type C | 3 Bed + Maid | Vacant | Serena,"Casa Dora, Serena","AED 1,250,000","1,820"
Stunning | Backing Pool Park | 3 BR + Maid,"Casa Dora, Serena","AED 1,200,000","1,820"
Enchanting Community I Semi-Detached I Great Layout,Mudon,"AED 1,900,000","2,350"
2 Mints walk to Pool and Park | Keys in hand |,"Casa Dora, Serena","AED 1,250,000","1,819"
Motivated Seller I Golf Course Community,"Expo Golf Villas, Emaar South","AED 925,000","1,855"
Exclusive | Spacious | Private Swimming Pool,"District 9, Legacy Nova Villas","AED 2,599,000","3,524"
Luxury Upgraded Duplex Podium Villa|Full Marina View,Dubai Marina,"AED 7,200,000","4,227"
Stunning | Vacant | 3 BR + Maid |,"Casa Dora, Serena","AED 1,250,000","1,820"
Cheapest | Type B Quortaj | 3 BR,"Al Furjan Villas, Al Furjan","AED 1,625,000","2,411"
Backing Pool  Park | 3 BR + Maid |,"Bella Casa, Serena","AED 1,399,999","1,820"
Pay 10% Move In | Pay Monthly 1.5% for 60 Months,"Urbana, Emaar South","AED 2,495,888","2,804"
Pay 10%  Move in I Huge Plot I Excellent Location,Dubai South,"AED 2,375,000","2,850"
Emaar Golf Grove Villas | FREE SC |  DLD Waiver,Dubai Hills Estate,"AED 2,812,000","2,931"
3 Bed+Maid | Open Kitchen | Lowest Price,Mudon,"AED 1,545,000","2,071"
3BR+Maids | Furnished | Zinnia@Akoya Oxygen,"The Woods, Akoya Oxygen","AED 1,699,888","1,882"
3 Bed Semi-detached Brand New on the Park,Mudon,"AED 1,750,000","2,400"
A Type |Large Plot | Brand New| Middle unit,"Mira Oasis 3, Mira Oasis","AED 1,350,000","2,295"
First Freehold beach waterfront Townhouse,"Jumeirah 1, Jumeirah","AED 4,500,000","3,705"
Unique 3BR +maid townhouse | Book now,"Safi, NSHAMA Town Square","AED 1,300,000","2,225"
SOLD 8 % ROI Single Row 3 bed next to Pool n Park,"Safi Townhouses, NSHAMA Town Square","AED 1,250,000","2,183"
Single Row New 3 bed maid Villa Near Pool for Sale,"Safi, NSHAMA Town Square","AED 1,200,000","2,134"
READY Single Row 3bed maid Villa Near Pool for Sale,"Safi, NSHAMA Town Square","AED 1,200,000","2,134"
Type 1 Single Row 3BR maid Villa Near pool for Sale,"Noor Townhouses, NSHAMA Town Square","AED 1,295,000","2,134"
4 villas 3 bed maid Villa Near Pool n Gym for Sale,"Safi, NSHAMA Town Square","AED 1,100,000","2,134"
Mira Oasis Type A 3 Bed with Maid Near Pool n park,"Mira Oasis 3, Mira Oasis","AED 1,200,000","2,190"
"Immediate Sale, 3 BR Plus Maid, Best Location","Casa Dora, Serena","AED 1,220,000","2,012"
Best Deal  Close To Pool Type C Brand New,"Mira Oasis 3, Mira Oasis","AED 1,400,000","2,421"
Brand New   Prime  Location   Best Deal,"The Gardens, Jebel Ali Village","AED 2,100,000","2,502"
Serene Type C | Priced to Sell | 3BR with Maids,"Mira, Reem","AED 1,400,000","3,216"
EXCLUSIVE | Close to School | Private Location,Arabian Ranches,"AED 2,999,999","3,324"
EXCLUSIVE | Beautifully Upgraded | Large Plot,Arabian Ranches,"AED 3,499,999","1,988"
Luxury Upgraded Duplex Podium Villa|Full Marina View,Dubai Marina,"AED 7,200,000","4,227"
Exclusive | Spacious | Private Swimming Pool,"District 9, Legacy Nova Villas","AED 2,599,000","3,524"
Motivated Seller I Golf Course Community,"Expo Golf Villas, Emaar South","AED 925,000","1,855"
2 Mints walk to Pool and Park | Keys in hand |,"Casa Dora, Serena","AED 1,250,000","1,819"
Enchanting Community I Semi-Detached I Great Layout,Mudon,"AED 1,900,000","2,350"
Semi Detached Single Row | Next to Pool and Pub,"Bella Casa, Serena","AED 1,750,000","2,585"
"Perfect location| Type 6 Layout| 12,000 sq.ft plot","Saheel, Arabian Ranches","AED 3,300,000","3,687"
Springs 5 2M (3 Bed maid study) back to back,"The Springs 5, The Springs","AED 2,150,000","3,000"
3 bedroom | Great location | Lovely Casa,"CASA at Arabian Ranches, Arabian Ranches 2","AED 2,500,000","3,143"
Large corner plot | Type 2E | Single Row,Arabian Ranches,"AED 2,000,000","2,788"
Amazing 3 bedroom | Unique Gallery Villa,Dubai Sports City,"AED 1,699,999","2,677"
Type A - Rented - For Investors,"Mira Oasis 1, Mira Oasis","AED 1,300,000","2,295"
Exclusive|Extended 2E in Al Reem 1|Park facing,Arabian Ranches,"AED 2,350,000","2,788"
Type A - Middle Unit - Rented,"Mira Oasis 1, Mira Oasis","AED 1,290,000","2,295"
6 year payment plan - No Commission- available unit,"Tilal Al Ghaf, Dubai Land","AED 1,280,000","2,120"
3 bedroom available - 60% post handover in 3 years,"Tilal Al Ghaf, Dubai Land","AED 1,270,000","3,700"
Waterfront living I Jumeirah 1 I Freehold,Jumeirah,"AED 3,900,000","1,820"
3BR M | Casa Dora | Near POOL  PARK,"Casa Dora, Serena","AED 1,200,000","2,618"
Exclusive | Type C End | Upgraded | Extended,"Zulal 3, The Lakes","AED 2,850,000","2,700"
Type 2E | With Maids Room | Lake/Pool Views,"The Springs 12, The Springs","AED 2,850,000","2,202"
Single Row|Tenanted|1M|Backing on Pool  Park,"Reem Community, Arabian Ranches 2","AED 2,099,000","2,100"
"Brand New - Ready to move 3 bed room townhouse villa for Sale in serena only  1.240,000","Casa Dora, Serena","AED 1,240,000","2,200"
"Corner ! 3 bed room villa for sale in Serena Bella casa . ( Ready to move ) only 1.350,000","Casa Dora, Serena","AED 1,350,000","2,300"
"Brand New | Type C | 3 BR + Maid | Close to Pool   ONLY      1250,000","Casa Dora, Serena","AED 1,250,000","1,956"
Single Row | Type B Mid Unit| Handover Soon,"Arabella Townhouses 3, Arabella Townhouses","AED 1,400,000","3,000"
"Semi Detached Type A Townhouse | Bella Casa For sale only 1.700,000","Casa Dora, Serena","AED 1,700,000","3,447"
Priced to sell | Rented Till September,"The Meadows 9, The Meadows","AED 3,900,000","3,524"
Exclusive | Spacious | Private Swimming Pool,"District 9, Legacy Nova Villas","AED 2,599,000","1,991"
Spacious Brand New 3 Beds For Sale| Middle Unit,"Arabella Townhouses 2, Arabella Townhouses","AED 1,600,000","2,013"
Motivated Seller I Golf Course Community,"Expo Golf Villas, Emaar South","AED 925,000","1,855"
Exclusive | Spacious | Private Swimming Pool,"District 9, Legacy Nova Villas","AED 2,599,000","3,524"
Luxury Upgraded Duplex Podium Villa|Full Marina View,Dubai Marina,"AED 7,200,000","4,227"
2 Mints walk to Pool and Park | Keys in hand |,"Casa Dora, Serena","AED 1,250,000","1,819"
Enchanting Community I Semi-Detached I Great Layout,Mudon,"AED 1,900,000","2,350"
Near the Park | Single Row | Landscape Garden,"Mira 5, Mira","AED 2,200,000","3,336"
Modern Mediterranean Architecture - Handover Soon,"Amaranta, Villanova","AED 1,666,000","1,832"
Brand New| 3 BR| Type 2M| Reduced Price| Bright |Spacious,"Maple 1, Maple at Dubai Hills Estate","AED 1,800,000","2,266"
Huge 3BR+M Villa| Ready| Single Row| Price Reduced,"The Woods, Akoya Oxygen","AED 1,200,000","2,462"
3bed + Maid | Handover 2020 | Amaranta 2,"Amaranta, Villanova","AED 1,140,000","1,894"
Exclusive | single row | 3br | type E1 |,"Sidra Villas 2, Sidra Villas","AED 2,850,000","3,102"
"Park view, Corner unit, 15 years payment plan","Casa Flores, Green Community Motor City","AED 4,050,000","2,712"
Gorgeous 3BR | With Maids Room | Trixis | Akoya Oxygen,"The Woods, Akoya Oxygen","AED 1,450,000","1,884"
INVEST OR MOVE: THE BEST TIME TO BUY!,"Bella Casa, Serena","AED 1,200,000","2,070"
COME HOME TO SERENA: THE PERFECT HOME!,"Bella Casa, Serena","AED 1,400,000","2,740"
Resale | Arabian Ranches 3 | FREE 5-Years SC,Arabian Ranches 3,"AED 1,180,000","1,950"
ZERO Commission | Emaar Sidra Villas |10% ROI,Dubai Hills Estate,"AED 2,900,000","3,100"
Single Row 3 BR Unit | Handover in August 2020,"La Rosa, Villanova","AED 1,250,000","1,894"
Brand New | Large Home Perfect for Families,"Mira Oasis 3, Mira Oasis","AED 1,299,999","2,371"
Perfect Family Home | Rented till Sept. 2020,"The Meadows 9, The Meadows","AED 3,200,000","3,400"
Single Row| Corner Unit| 3BR + Maids Room in Casa Dora,"Casa Dora, Serena","AED 1,600,000","1,936"
Amazing Location | Single Row | 3 Bedroom+M | DH,"Maple 1, Maple at Dubai Hills Estate","AED 1,745,000","2,228"
5 Years Post Handover | Meydan Living | 3 BHK Villa,Meydan,"AED 1,975,000","2,064"
"3 Bedroom plus Maids, Landscaped, Near Pool.",Reem,"AED 1,500,000","2,385"
3BED WITH 5 YEAR POST HANDOVER PAYMENT PLAN,"Arabella Townhouses 3, Arabella Townhouses","AED 1,299,999","1,908"
Semi Detached 3 Bed + Maid Must See!!!,"Casa Dora, Serena","AED 1,800,000","3,053"
3 bed with maid  villa with 6 years payment plan,"Casa Viva, Serena","AED 2,188,000","2,179"
Vibrant Villa ! Scenic Community,"Casa Dora, Serena","AED 1,149,999","2,300"
Vibrant Villa ! Corner Unit ! Big Layout,"Casa Dora, Serena","AED 1,750,000","3,200"
Single Row | Next to Community Center | End Unit,Serena,"AED 1,794,000","1,936"
Luxury Upgraded Duplex Podium Villa|Full Marina View,Dubai Marina,"AED 7,200,000","4,227"
Exclusive | Spacious | Private Swimming Pool,"District 9, Legacy Nova Villas","AED 2,599,000","3,524"
Motivated Seller I Golf Course Community,"Expo Golf Villas, Emaar South","AED 925,000","1,855"
2 Mints walk to Pool and Park | Keys in hand |,"Casa Dora, Serena","AED 1,250,000","1,819"
Enchanting Community I Semi-Detached I Great Layout,Mudon,"AED 1,900,000","2,350"
"3 Bed Plus Study, Brand New, Close to Pool",Reem,"AED 1,300,000","2,372"
3 Bedroom | Alvorada Villa | Arabian Ranches,Arabian Ranches,"AED 3,300,000","3,765"
"3 Bed plus Maid, Backing on Pool, Nearly Ready.","Noor Townhouses, NSHAMA Town Square","AED 1,374,888","2,118"
Very Rare - Corner Large Plot 3 Bed in Casa Dora,Serena,"AED 1,983,000","1,936"
3 Bed plus Maid | Single Row | Park View,Reem,"AED 1,275,000","2,236"
3 Bed p Maid p Study | End Unit | Type 3E | Mira 1,Reem,"AED 1,550,000","3,193"
Hajar Stone | Modern Style | 3 Bed Arabic Home,Akoya Oxygen,"AED 1,100,000","2,458"
"Handover this year! 3 Bed plus Maid, Finance Option.",Dubai Land,"AED 1,275,000","1,915"
Bright and Spacious 3 Bed Legacy in Great location,"District 4, Jumeirah Park","AED 3,100,000","5,646"
"WA | 3 BHK, 3 Livings, Maids room, Vacant Unit","JVC District 10, JVC Jumeirah Village Circle","AED 1,500,000","3,075"
3BHK + MAID ! Near to the Entrance and Community Park ! Steal Deal !,"Noor Townhouses, NSHAMA Town Square","AED 1,299,600","2,000"
EMAAR EXPO GOLF VILLA | GREAT ROI | UNBEATABLE PRICE | CALL NOW,"Emaar South, Dubai South","AED 1,188,000","1,950"
3BHK M !! AMAZING LOCATION !! SINGLE ROW !! STEAL DEAL,"Gardenia Townhomes, Wasl Gate","AED 1,953,000","2,699"
Rented Ready Villa For Sale In Warsan Village 3bhk maid,"Al Warsan, International City","AED 1,400,000","2,013"
AL Furjan Quortaj Style 3BHK Plus Maid at Very Good Price,"Al Furjan Villas, Al Furjan","AED 2,300,000","3,842"
AFFORDABLE LUXURY VILLA I INSPIRING FAMILY HOME,"JVC District 11, JVC Jumeirah Village Circle","AED 2,000,000","3,500"
3 Bedroom Townhouse | Ready to Move in,"Maple 1, Maple at Dubai Hills Estate","AED 1,750,000","2,093"
Single Row l Corner Unit l 3BR +Maid Townhouse l Type B l,"Arabella Townhouses 2, Arabella Townhouses","AED 1,525,000","2,071"
Limited Time Offer !! 3BR Stylish Interiors l 50% DLD Waived l Mira Oasis l EMAAR I CALL NOW !!!,"Mira Oasis 2, Mira Oasis","AED 1,691,888","2,236"
Great Opportunity!! 3BR l Luxury Townhouse  l Town Square l CALL NOW AND BOOK!!!,"Safi, NSHAMA Town Square","AED 1,298,888","2,224"
Best Offer I Hurry Up !! 5 Years Post Hand Over l Cherrywood Townhouses l 3BR l CALL NOW AND BOOK !!,"Cherrywoods, Dubai Land","AED 1,625,000","2,233"
Casa Dora Middle Back To Back 3 Bed TH,"Casa Dora, Serena","AED 1,250,000","1,819"
3Bed with Maids Furnished Ready to Move,"The Woods, Akoya Oxygen","AED 1,650,000","2,459"
Vacant 3BR with study room available for Sale,"Mira Oasis 1, Mira Oasis","AED 1,450,000","2,287"
3BR I Vacant I with Maids,"Cedre Villas, Dubai Silicon Oasis","AED 2,299,900","3,850"
Motivated Seller I Golf Course Community,"Expo Golf Villas, Emaar South","AED 925,000","1,855"
Enchanting Community I Semi-Detached I Great Layout,Mudon,"AED 1,900,000","2,350"
Exclusive | Spacious | Private Swimming Pool,"District 9, Legacy Nova Villas","AED 2,599,000","3,524"
2 Mints walk to Pool and Park | Keys in hand |,"Casa Dora, Serena","AED 1,250,000","1,819"
Luxury Upgraded Duplex Podium Villa|Full Marina View,Dubai Marina,"AED 7,200,000","4,227"
Best Deal for Investor and End User | Type C | Near to Amenities,"Casa Dora, Serena","AED 1,250,000","2,016"
3 Bedroom Middle Unit Single Row,"Arabella Townhouses 2, Arabella Townhouses","AED 1,450,000","2,980"
Excellent Location | Single Row | 3 Bed + Maids,"Arabella Townhouses 2, Arabella Townhouses","AED 1,450,000","2,980"
3 Bedroom | Maids Room | Brand New,"Arabella Townhouses 2, Arabella Townhouses","AED 1,440,000","2,980"
Make an offer - Corner unit - Type A,"Palmera 3, Palmera","AED 2,550,000","2,936"
"Best condition, Pool And Park ,Corner Unit","The Springs 7, The Springs","AED 1,850,000","2,750"
Type E1 | Close to Park |Ready to Move | 3Bed+Maid,"Sidra Villas 1, Sidra Villas","AED 2,900,000","3,102"
Type A 3 Bedroom Semi Detached Villa For Sale in Casa Dora Serena Single Row on Pool and Park,"Casa Dora, Serena","AED 1,900,000","2,271"
Attractive Deal 3 Bedroom Villa For Sale in Club Villas Dubai Hills Estate opposite to Golf Course,"The Parkway at Dubai Hills, Dubai Hills","AED 2,900,000","3,000"
20 secs away to Pool  Park | Type 2M,"Maple 3, Maple at Dubai Hills Estate","AED 1,800,000","2,266"
3BRs+Maids+Study | Type H | Mira Oasis 1,Reem,"AED 1,800,000","2,286"
"Reduced Price 3BRs + M, Newly Handovered",Mudon,"AED 1,600,000","1,991"
"3BRs Mid Villa for Sale in Arabella,Mudon.",Mudon,"AED 1,500,000","1,984"
Type 1M at Pool and Park in Mira for Sale,Reem,"AED 2,430,000","2,347"
Fully Upgraded  Vacant Villa  for Sale..,"The Springs 10, The Springs","AED 1,840,000","4,149"
Amazing 3BR + Maid | Big Rooftop| Emaar 6 Towers,Dubai Marina,"AED 4,600,000","4,563"
Springs Type 2E Corner Plot Opposite Park view,"The Springs 14, The Springs","AED 2,185,000","2,700"
Jumeirah Park Upgraded Huge plot 7200 with Private Pool,Jumeirah Park,"AED 3,350,000","3,500"
Lovely 3 Bedrooms with Maids Townhouse at Al Furjan,"Al Furjan Villas, Al Furjan","AED 1,600,000","2,418"
Stylish Townhouse in Al Burooj Residence V at Al Furjan,"Al Furjan Villas, Al Furjan","AED 1,600,000","2,418"
3-BR Luxury Townhouse in Al Furjan,"Al Furjan Villas, Al Furjan","AED 1,600,000","2,418"
Stylish Townhouse in Al Burooj Residence V at Al Furjan,"Al Furjan Villas, Al Furjan","AED 1,600,000","2,418"
Exclusive | Brand New Townhouse | Serena,"Bella Casa, Serena","AED 1,210,000","1,820"
3B/R + Maids Type B Townhouse Quortaj at Al Furjan,"Al Furjan Villas, Al Furjan","AED 1,550,000","2,368"
Vacant I 3BR I Brand New,"Arabella Townhouses 2, Arabella Townhouses","AED 1,500,000","1,991"
Enchanting Community I Semi-Detached I Great Layout,Mudon,"AED 1,900,000","2,350"
2 Mints walk to Pool and Park | Keys in hand |,"Casa Dora, Serena","AED 1,250,000","1,819"
Motivated Seller I Golf Course Community,"Expo Golf Villas, Emaar South","AED 925,000","1,855"
Exclusive | Spacious | Private Swimming Pool,"District 9, Legacy Nova Villas","AED 2,599,000","3,524"
Luxury Upgraded Duplex Podium Villa|Full Marina View,Dubai Marina,"AED 7,200,000","4,227"
"Excellent Finishing, Spacious 3 bedroom call now","JVC District 14, JVC Jumeirah Village Circle","AED 2,400,000","3,600"
"Handed over soon, 3bed Villa, Motivated Seller","Aknan Villas, Vardon","AED 1,300,000","1,881"
3BR Townhouse Single Row in Arabian Ranches 2,"Camelia, Arabian Ranches 2","AED 1,600,000","1,988"
Modified 2M I Good Location,"Mira 5, Mira","AED 1,450,000","2,385"
BULK DEAL READY VILLA - 3 BED -BRAND NEW AKOYA,"The Woods, Akoya Oxygen","AED 765,000","1,700"
BULK DEAL READY VILLA  - 3 BED READY VILLA,"The Woods, Akoya Oxygen","AED 765,000","1,700"
Give Offer|2M|3BR|Near 2 Poo|Handed over,"Reem Community, Arabian Ranches 2","AED 1,650,000","2,193"
Corner Unit | 3BR Plus Maids Room For Sale in Damac Hills,DAMAC Hills (Akoya by DAMAC),"AED 1,600,000","2,723"
Priced to Grab | Need to be Quick,"Sidra Villas 1, Sidra Villas","AED 2,700,000","4,847"
Type C | Handover Ready | Close to Amenities | Serena,"Casa Dora, Serena","AED 1,250,000","2,016"
Brand New | Vacant | Single Row Townhouse,"Noor Townhouses, NSHAMA Town Square","AED 1,200,000","2,100"
Exclusive|New Phase |Vacant |Ready to Move In,"Al Furjan Villas, Al Furjan","AED 1,599,999","2,450"
Single Row | Next to Park|Handover in Q3- 2020,"Amaranta, Villanova","AED 1,300,000","1,894"
Brand New | Vacant Townhouse | Plus Maids Room,"Noor Townhouses, NSHAMA Town Square","AED 1,150,000","2,100"
Type B | Modern Style | Brand New | Maids Room,"Al Furjan Villas, Al Furjan","AED 2,200,000","3,252"
Ready | Claret 3br TH | Opposite Pool,"Aurum Villas, Juniper","AED 1,200,000","1,570"
95% Completed | Close to Pool | Single Row,"Arabella Townhouses 3, Arabella Townhouses","AED 1,400,000","1,544"
Ready to Move in 3br in Bella Casa,"Bella Casa, Serena","AED 1,600,000","1,800"
Maple | type 2M | 3br | Single Row | @1.85M,"Maple 2, Maple at Dubai Hills Estate","AED 1,850,000","2,228"
Mid unit | Rented | Arabella 3br Maid,"Arabella Townhouses 2, Arabella Townhouses","AED 1,500,000","1,984"
5 Years Free Service Charges | 50% Post Handover,Dubai Land,"AED 1,124,000","1,947"
Single Row  AR2 Reem Community Type 1M,"Reem Community, Arabian Ranches 2","AED 2,000,000","2,202"
Park View | 3BR Spacious Villa | Type9 | Saheel 1,Arabian Ranches,"AED 2,900,000","5,762"
Single Row Mira Oasis 3 Type C | Single Row,"Mira Oasis 3, Mira Oasis","AED 1,500,000","2,372"
فيلا للبيع في ارقي اماكن  الشارقه جاهزه علي التسليم,Dubai Land,"AED 1,350,000","2,000"
Enchanting Community I Semi-Detached I Great Layout,Mudon,"AED 1,900,000","2,350"
2 Mints walk to Pool and Park | Keys in hand |,"Casa Dora, Serena","AED 1,250,000","1,819"
Luxury Upgraded Duplex Podium Villa|Full Marina View,Dubai Marina,"AED 7,200,000","4,227"
Exclusive | Spacious | Private Swimming Pool,"District 9, Legacy Nova Villas","AED 2,599,000","3,524"
Motivated Seller I Golf Course Community,"Expo Golf Villas, Emaar South","AED 925,000","1,855"
Big Size Plot | Type THM1 | 3 BR+M Villa,"The Flora, DAMAC Hills (Akoya by DAMAC)","AED 1,480,000","2,723"
Near To Park | Type TH-M1 | 3 BR Villa,DAMAC Hills (Akoya by DAMAC),"AED 1,480,000","2,723"
MUDON | RAHAT |INDEPENDENT VILLA|CORNER PLOT |@2.6M,"Rahat Villas, Mudon","AED 2,600,000","3,574"
L-Shaped Garden  Corner unit w/ Big Plot Mira Oasis  1 type J,"Mira Oasis 1, Mira Oasis","AED 1,750,000","2,565"
Mira Oasis Phase 3 Type I on Discounted Price,"Mira Oasis 3, Mira Oasis","AED 1,350,000","2,236"
تملك فيلا بدبى من الفطيم وتمتع بحياه الجزر بالقسط على 6 سنوات,"Victory Heights, Dubai Sports City","AED 1,350,000","2,100"
Urgent Sale | 3 BR+M Villa in Brand new Cluster,"The Woods, Akoya Oxygen","AED 900,000","1,881"
Brand new Cluster | Brand new 3 BR+M Villa,Akoya Oxygen,"AED 895,000","1,881"
Brand New 3 BR+M Villa by Akoya,Akoya Oxygen,"AED 900,000","1,881"
Best Deal! Lowest price! 3 BR+M Villa,"The Woods, Akoya Oxygen","AED 890,000","1,881"
Big Size Plot | 3 BR+M Villa | TH-M,DAMAC Hills (Akoya by DAMAC),"AED 1,490,000","2,723"
TH-L | Vacant 3 BR+M Villa | Big Plot,DAMAC Hills (Akoya by DAMAC),"AED 2,200,000","3,680"
Near to park | 3 BR+M Villa | TH-M,DAMAC Hills (Akoya by DAMAC),"AED 1,485,000","2,723"
3 Bedroom villa for the amazing price / Damac,Akoya Oxygen,"AED 1,300,000","2,099"
Brand New and Cheapest 3 BR+M Villa,"Aknan Villas, Vardon","AED 680,000","1,696"
Best Deal For Investment  |Vacant | 2M,"Mira 5, Mira","AED 1,600,000","2,350"
"Type 2E|3 BED ROOM  MAID , MIRA 5","Mira 5, Mira","AED 1,760,000","2,550"
Corner Plot | Type A | Semi Detached | Arabella 2,"Arabella Townhouses 2, Arabella Townhouses","AED 1,900,000","2,040"
"Brand New  3 Bed M Laundry , Mira Oasis 2","Mira Oasis 2, Mira Oasis","AED 1,350,000","2,295"
Ready to move in | Type 2M | Back to Back,"Mira 4, Mira","AED 1,600,000","2,385"
Club Villa | 3br | Park View | @2.8M,"Club Villas at Dubai Hills, Dubai Hills Estate","AED 2,800,000","2,935"
Ready to Move in | Casa Type 2 | Back to back,"CASA at Arabian Ranches, Arabian Ranches 2","AED 2,500,000","3,143"
New Phase Townhouse | Vacant | Ready to Move in,"Al Furjan Villas, Al Furjan","AED 1,599,900","2,450"
Great Location |Single Row|Must See|Brand New,"Mira Oasis 3, Mira Oasis","AED 1,250,000","2,236"
Ready to Move in | Type A | Nice Location,"Mira, Reem","AED 1,350,000","2,295"
Luxury Upgraded Duplex Podium Villa|Full Marina View,Dubai Marina,"AED 7,200,000","4,227"
Exclusive | Spacious | Private Swimming Pool,"District 9, Legacy Nova Villas","AED 2,599,000","3,524"
Motivated Seller I Golf Course Community,"Expo Golf Villas, Emaar South","AED 925,000","1,855"
Enchanting Community I Semi-Detached I Great Layout,Mudon,"AED 1,900,000","2,350"
2 Mints walk to Pool and Park | Keys in hand |,"Casa Dora, Serena","AED 1,250,000","1,819"
3 Bedroom| Maids Room in Amaranta,"La Rosa, Villanova","AED 1,300,000","1,732"
Single Row - 3 BR + Maids - Amaranta Townhouse,"La Rosa, Villanova","AED 1,199,999","1,800"
Single Row Close to Pool -Park Brand New,"Arabella Townhouses 2, Arabella Townhouses","AED 1,500,000","1,991"
Upgraded 3 Bed|Modern Finishing|Spacious,"Al Furjan Villas, Al Furjan","AED 1,549,000","2,450"
No DLD Fee|Brand New TH | No Commission,"Al Furjan Villas, Al Furjan","AED 1,550,000","2,500"
New listing Priced to immediately sell..,"Mira 3, Mira","AED 1,325,000","2,554"
Spacious Villa | Type C Unit  | Single Row,"Mira Oasis 3, Mira Oasis","AED 1,350,000","2,372"
Community View| Post Years Payment Plan,"Warsan Village, Al Warsan","AED 1,327,000","2,015"
Spacious|Good Layout|Price Reduced,"Al Furjan Villas, Al Furjan","AED 1,600,000","2,418"
Ready Town Home| 10% ROI | Emaar Dubai South,Dubai,"AED 1,600,000","3,370"
Exclusive with Us |  Prime Location | Elan,"Tilal Al Ghaf, Dubai Land","AED 1,387,000","2,152"
Pay 25% and Move-In | 10% ROI | 100% DLD Waiver,"Maple 1, Maple at Dubai Hills Estate","AED 1,740,000","2,266"
Waterfront Living | Vibrant Community !,"Tilal Al Ghaf, Dubai Land","AED 1,330,000","2,159"
HUGE Proper Corner Vastu Plot 3E-B on Single Row,Mudon,"AED 1,624,950","2,071"
50% DLD Waiver | No Comm. | 50% PH Payment 3 Yrs.,"La Rosa, Villanova","AED 1,021,888","1,947"
Stunning 3 BR+Maid Hajar Stone Townhouse,"The Woods, Akoya Oxygen","AED 925,000","2,296"
"Exclusive 3Bed Mid Unit Type-C Maids Room,Best","Casa Dora, Serena","AED 1,225,000","1,819"
Luxury Living Townhouse | Golf Course View |,"Royal Golf Boutique Villas, Jumeirah Golf Estates","AED 2,400,000","2,012"
Great Deal | Type B | Rare Unit | Corner Unit,"Casa Dora, Serena","AED 2,000,000","1,936"
Motivated Seller | Middle Unit | Handover Q3 2020,"Villanova, Dubai Land","AED 1,150,000","1,733"
60% During Construction 40% in 3 Years Dec 2022,"Tilal Al Ghaf, Dubai Land","AED 1,250,000","2,152"
Prestige /Exclusive Beachfront Address/See view,The Palm Jumeirah,"AED 5,199,978","6,848"
New Phase | Vacant | Ready to Move In |Type B,"Al Furjan Villas, Al Furjan","AED 2,100,000","3,252"
No Agency Fee|5 Yrs Service Charges Free,"Al Furjan Villas, Al Furjan","AED 1,700,000","2,418"
New Phase | Near Community | Best Priced,"Al Furjan Villas, Al Furjan","AED 1,950,000","3,200"
2 Mints walk to Pool and Park | Keys in hand |,"Casa Dora, Serena","AED 1,250,000","1,819"
Motivated Seller I Golf Course Community,"Expo Golf Villas, Emaar South","AED 925,000","1,855"
Enchanting Community I Semi-Detached I Great Layout,Mudon,"AED 1,900,000","2,350"
Exclusive | Spacious | Private Swimming Pool,"District 9, Legacy Nova Villas","AED 2,599,000","3,524"
Luxury Upgraded Duplex Podium Villa|Full Marina View,Dubai Marina,"AED 7,200,000","4,227"
Semi-detached Contemporary House THM-1|Single Row,Dubai Land,"AED 1,850,000","2,064"
Exclusive deal Sidra | 3br | single row,"Sidra Villas 2, Sidra Villas","AED 2,899,000","4,520"
Type A | Mira Oasis | 3BR | Park Facing,"Mira Oasis 3, Mira Oasis","AED 1,299,999","2,295"
Type A| Fully Furnished | Upgraded |Corner TH,"Mira Oasis 3, Mira Oasis","AED 1,700,000","2,295"
3 BR Safi Townhouse Nshama Best Deal Ever,"Safi, NSHAMA Town Square","AED 1,225,000","2,025"
Brand New Lowest Priced Townhouse | Serena Dubai,"Casa Dora, Serena","AED 1,175,000","1,850"
Serviced and Furnished 3 bedroom Townhouse,"The Woods, Akoya Oxygen","AED 1,250,000","2,459"
Available end of June | Beautiful 4 Bed | Type 2E,"Al Reem 1, Arabian Ranches","AED 1,995,000","2,788"
"Beautiful Villa in Saheel, Arabian Ranches","Saheel, Arabian Ranches","AED 2,799,999","3,166"
Reduced!|Pool and park backing|upgraded|2M,Arabian Ranches,"AED 1,750,000","2,627"
Lovely 1M | Private Pool | Partial Lake View,"Al Reem 1, Arabian Ranches","AED 2,199,000","3,127"
3 Bedroom | Big plot | Brand new | Town Square,"Safi, NSHAMA Town Square","AED 1,300,800","2,022"
Beautiful A1 for Sale in Alvorada for an Investor,Arabian Ranches,"AED 3,299,999","3,765"
Beautiful Lake  road View corner plot 3 bedroom plus study,"The Springs 4, The Springs","AED 1,950,000","2,230"
Cheapest 3 Bedroom End Unit in the market,"Casa Dora, Serena","AED 1,299,999","2,270"
On the Green Belt | Near Pool  Park|3BR  TH,"Noor Townhouses, NSHAMA Town Square","AED 1,124,999","2,190"
NO COMMISSION / 3 BEDROOM/ GOLF COURSE \ OFFPLAN / PAY 5% UPON BOOKING / BOOK NOW !,"Golf Grove, Dubai Hills Estate","AED 3,000,000","2,930"
Amazing Upgraded 3 BR Duplex Marina view,Dubai Marina,"AED 2,699,999","2,631"
Corner 3 BR + M | Well maintained | Fully snagged,"Royal Golf Boutique Villas, Jumeirah Golf Estates","AED 1,900,000","1,931"
Ready to Move 3-BED Room Maid Corner unit Available,"Casa Dora, Serena","AED 1,300,000","3,500"
Type E1 | 3Beds+Maids | Multiple villas,Dubai Hills Estate,"AED 2,650,000","4,590"
"Type 2M | 3mins To Pool,Park | 3Bed+Maid",Reem,"AED 1,400,000","2,325"
Close to Pool  Park | Type 2M | 3Bed+Maid,"Maple 1, Maple at Dubai Hills Estate","AED 1,799,999","2,228"
Type 2M | VOT | Single row | Upgraded Garden,Reem,"AED 1,550,000","2,385"
3 Beds +Maids Room|Luxurious Style|Spacious Layout,"JVC District 11, JVC Jumeirah Village Circle","AED 1,800,000","1,878"
